{"personne":[{"id":"2","carnetclef":"2votizspyj0lqvkhyns9","iduser":"2","genre":"-1","nom":"VILLENEUVE","prenom":"Christophe","adresse1":"route de Paris","adresse2":"","codepostal":"75000","ville":"Paris","tel":"","portable":"","email":"livre@hello-design.fr","photo":"christophe.jpg","idlinks":"1","idclef":"ir8lij49yzsdmv8x6v01"},{"id":"2","carnetclef":"kx2bohafgh6j0hafs1qb","iduser":"2","genre":"","nom":"TEST","prenom":"Kqsdlm","adresse1":"mkl","adresse2":"","codepostal":"0","ville":"","tel":"","portable":"","email":"fqsdklmdklqs@cxhez.com","photo":"","idlinks":"3","idclef":"ir8lij49yzsdmv8x6v01"}]}