﻿<repertoire>
  <personne nom="T." prenom="Elena" dateNaissance="16/04/1993"  >
     <telephone type="domicile" numero="01 02 03 04 05" />
     <telephone type="portable" numero="06 02 03 04 05" />
   </personne>
  <personne nom="C." prenom="Nicolas" dateNaissance="10/07/1996"  >
     <telephone type="domicile" numero="01 11 12 13 14" />
     <telephone type="portable" numero="06 11 12 13 14" />
  </personne>
  <personne nom="Y." prenom="Margoline" dateNaissance="22/02/1974"  >
     <telephone type="domicile" numero="01 21 22 23 24" />
     <telephone type="portable" numero="06 21 22 23 24" />
     <telephone type="bureau" numero="01 11 22 33 44" />
 </personne>
  <personne nom="R." prenom="Lamy" dateNaissance="18/01/1970" >
     <telephone type="domicile" numero="01 31 32 33 34" />
     <telephone type="portable" numero="06 31 32 33 34" />
     <telephone type="bureau" numero="01 55 66 77 88" />
     <telephone type="fax" numero="01 41 42 43 44" />
  </personne>
</repertoire>