<?xml version="1.0" encoding="utf-8" ?>
<Repertoire>
  <personne prenom="Elena" nom="T." 
      			  anniversaire="16/04/1993"
     			  courriel="lna@fai.fr"
    			  rue="7 rue du Paradis"
     			  ville="75012 Paris"
     			  photo="../Photos/Elena.jpg"
     			  telephone="+33601020204"
    />
     
 <personne prenom="Nicolas" nom="A." 
      			  anniversaire="10/07/1996"
     			  courriel="nico@fai.fr"
    			  rue="24 av du Papillon"
     			  ville="75013 Paris"
     			  photo="../Photos/Nicolas.jpg"
     			  telephone="+33600700700"
    />

<personne prenom="Margoline" nom="Y." 
      			  anniversaire="22/02/1974"
     			  courriel="margoline@fai.uk"
    			  rue="16 Black Lamb Lane"
     			  ville="E83PA London"
     			  photo="../Photos/Margoline.jpg"
     			  telephone="+447706050403"
    />
    <personne prenom="Lamy" nom="L." 
      			  anniversaire="04/02/1970"
     			  courriel="lamy@fai.br"
    			  rue="Rua Bueno de Andrade 128"
     			  ville="05415 Sao Paulo SP"
     			  photo="../Photos/Lamy.jpg"
     			   telephone="+551116221016"
    />
    <personne prenom="Alice" nom="O." 
      			  anniversaire="08/08/1984"
     			  courriel="alice@fai.fr"
    			  rue="22 rue de la liberté"
     			  ville="75018 Paris"
     			  photo="../Photos/Alice.jpg"
     			   telephone="+33610120204"
    />
    <personne prenom="Annabel" nom="R." 
      			  anniversaire="12/12/1981"
     			  courriel="annabel@fai.in"
    			  rue="3 passage du Secret"
     			  ville="14800 Dofus"
     			  photo="../Photos/Annabel.jpg"
     			   telephone="+33612141618"
    />
   <personne prenom="Faustin" nom="I." 
      			  anniversaire="13/09/1969"
     			  courriel="faustin@fai.au"
    			  rue="50 Market Street"
     			  ville="Sydney NSW 2000"
     			  photo="../Photos/Faustin.jpg"
     			  telephone="+614477665544"
     			  
    />
      <personne prenom="Isis" nom="S." 
      			  anniversaire="21/03/1972"
     			  courriel="isis@fai.it"
    			  rue="12 Piazza Cavour"
     			  ville="0190 Roma"
     			  photo="../Photos/Isis.jpg"
     			  telephone="+39346867666"
    />
      <personne prenom="Ivan" nom="R." 
      			  anniversaire="31/06/1988"
     			  courriel="ivan@fai.po"
    			  rue="96 Waliców Street"
     			  ville="00-851 Warsaw"
     			  photo="../Photos/Ivan.jpg"
     			  telephone="+4855414244"
    />
      <personne prenom="Leo" nom="I." 
      			  anniversaire="04/08/1985"
     			  courriel="leo@fai.pt"
    			  rue="Av Duque de Avila, 30"
     			  ville="Lisboa 1050-127"
     			  photo="../Photos/Leo.jpg"
     			  telephone="+351942434424"
    />
      <personne prenom="Marine" nom="C." 
      			  anniversaire="26/05/1990"
     			  courriel="marine@fai.com"
    			  rue="122 Watts Street"
     			  ville="New York 10013"
     			  photo="../Photos/Marine.jpg"
     			  telephone="+1163264128256"
    />
      <personne prenom="Natacha" nom="H." 
      			  anniversaire="09/09/1989"
     			  courriel="natacha@fai.no"
    			  rue="Marcus Thranes gate 24C"
     			  ville="0473 Oslo Norway"
     			  photo="../Photos/Natacha.jpg"
     			  telephone="+4741282424"
    />
      <personne prenom="Pablo" nom="M." 
      			  anniversaire="12/12/1984"
     			  courriel="pablo@fai.es"
    			  rue="260 calle de Paris"
     			  ville="08007 Barcelona"
     			  photo="../Photos/Pablo.jpg"
     			  telephone="+34633787898"
    />
      <personne prenom="Violette" nom="Y." 
      			  anniversaire="08/11/1986"
     			  courriel="violette@fai.nl"
    			  rue="228 Jodenbreesstraat"
     			  ville="1012 MR Amsterdam"
     			  photo="../Photos/Violette.jpg"
     			  telephone="+31622456789"
    />
 </Repertoire>
