<?xml version ="1.0" encoding="utf-8" ?>
<application xmlns="http://ns.adobe.com/air/application/1.5">
	<id>com.adobe.example.CartePostale</id>
	<version>1.0</version>
	<filename>CartePostale</filename>
	<description></description>
	<!-- To localize the description, use the following format for the description element.
	<description>
		<text xml:lang="en">English App description goes here</text>
		<text xml:lang="fr">French App description goes here</text>
		<text xml:lang="ja">Japanese App description goes here</text>
	</description>
	-->
	<name>CartePostale</name>
	<!-- To localize the name, use the following format for the name element.
	<name>
		<text xml:lang="en">English App name goes here</text>
		<text xml:lang="fr">French App name goes here</text>
		<text xml:lang="ja">Japanese App name goes here</text>
	</name>
	-->
	<copyright></copyright>
	<initialWindow>
		<content>CartePostale.swf</content>
		<systemChrome>none</systemChrome>
		<transparent>true</transparent>
		<visible>true</visible>
	</initialWindow>
	<customUpdateUI>false</customUpdateUI>
	<allowBrowserInvocation>false</allowBrowserInvocation>
	<icon>
		<image16x16>AppIconsForAIRPublish/icon16.png</image16x16>
		<image32x32>AppIconsForAIRPublish/icon32.png</image32x32>
		<image48x48>AppIconsForAIRPublish/icon48.png</image48x48>
		<image128x128>AppIconsForAIRPublish/icon128.png</image128x128>
	</icon>
</application>
